post_id	coremembers	milescovered
331	a:11:{i:0;s:2:"66";i:1;s:2:"25";i:2;s:1:"2";i:3;s:3:"145";i:4;s:2:"13";i:5;s:1:"8";i:6;s:2:"70";i:7;s:1:"5";i:8;s:2:"10";i:9;s:2:"42";i:10;s:1:"4";}	710
468	a:11:{i:0;s:1:"7";i:1;s:2:"66";i:2;s:1:"2";i:3;s:3:"161";i:4;s:2:"13";i:5;s:1:"9";i:6;s:1:"8";i:7;s:2:"70";i:8;s:1:"5";i:9;s:2:"10";i:10;s:1:"4";}	1115
537	a:15:{i:0;s:1:"7";i:1;s:2:"66";i:2;s:2:"25";i:3;s:1:"2";i:4;s:2:"21";i:5;s:3:"161";i:6;s:2:"32";i:7;s:2:"13";i:8;s:1:"8";i:9;s:2:"35";i:10;s:1:"5";i:11;s:2:"10";i:12;s:2:"16";i:13;s:1:"4";i:14;s:1:"6";}	1150
1403	a:9:{i:0;s:1:"2";i:1;s:3:"161";i:2;s:1:"9";i:3;s:1:"8";i:4;s:2:"36";i:5;s:1:"5";i:6;s:2:"10";i:7;s:1:"4";i:8;s:2:"68";}	330
1646	a:9:{i:0;s:1:"7";i:1;s:1:"2";i:2;s:2:"32";i:3;s:1:"9";i:4;s:1:"8";i:5;s:2:"28";i:6;s:1:"5";i:7;s:1:"4";i:8;s:2:"68";}	130
2098	a:10:{i:0;s:1:"2";i:1;s:3:"161";i:2;s:2:"13";i:3;s:1:"8";i:4;s:2:"36";i:5;s:1:"5";i:6;s:2:"10";i:7;s:2:"59";i:8;s:2:"31";i:9;s:2:"68";}	186
2172	a:14:{i:0;s:1:"7";i:1;s:3:"145";i:2;s:2:"30";i:3;s:2:"32";i:4;s:2:"13";i:5;s:1:"9";i:6;s:2:"28";i:7;s:2:"64";i:8;s:1:"5";i:9;s:2:"42";i:10;s:2:"34";i:11;s:2:"31";i:12;s:1:"6";i:13;s:2:"68";}	320
2194	a:15:{i:0;s:1:"7";i:1;s:2:"65";i:2;s:2:"66";i:3;s:1:"2";i:4;s:3:"161";i:5;s:2:"13";i:6;s:1:"9";i:7;s:1:"8";i:8;s:2:"36";i:9;s:1:"5";i:10;s:2:"10";i:11;s:2:"59";i:12;s:2:"16";i:13;s:2:"31";i:14;s:2:"68";}	200
2276	a:27:{i:0;s:1:"7";i:1;s:2:"65";i:2;s:3:"136";i:3;s:2:"25";i:4;s:1:"2";i:5;s:2:"21";i:6;s:2:"30";i:7;s:2:"32";i:8;s:2:"24";i:9;s:2:"13";i:10;s:1:"9";i:11;s:2:"27";i:12;s:1:"8";i:13;s:2:"33";i:14;s:2:"35";i:15;s:2:"28";i:16;s:3:"152";i:17;s:2:"64";i:18;s:1:"5";i:19;s:2:"10";i:20;s:2:"16";i:21;s:2:"47";i:22;s:2:"58";i:23;s:1:"4";i:24;s:2:"46";i:25;s:1:"6";i:26;s:2:"68";}	190
2946	a:23:{i:0;s:1:"7";i:1;s:2:"65";i:2;s:1:"2";i:3;s:2:"21";i:4;s:3:"161";i:5;s:2:"30";i:6;s:2:"32";i:7;s:2:"24";i:8;s:2:"13";i:9;s:1:"9";i:10;s:2:"27";i:11;s:1:"8";i:12;s:2:"33";i:13;s:2:"35";i:14;s:2:"28";i:15;s:2:"26";i:16;s:2:"64";i:17;s:2:"10";i:18;s:2:"16";i:19;s:1:"4";i:20;s:1:"6";i:21;s:2:"29";i:22;s:2:"68";}	750
3089	a:13:{i:0;s:1:"2";i:1;s:2:"21";i:2;s:2:"30";i:3;s:2:"32";i:4;s:2:"13";i:5;s:1:"9";i:6;s:2:"33";i:7;s:2:"35";i:8;s:2:"36";i:9;s:2:"64";i:10;s:2:"10";i:11;s:2:"34";i:12;s:2:"68";}	210
3172	a:12:{i:0;s:2:"65";i:1;s:1:"2";i:2;s:3:"161";i:3;s:1:"8";i:4;s:2:"36";i:5;s:1:"5";i:6;s:2:"10";i:7;s:2:"59";i:8;s:2:"16";i:9;s:1:"4";i:10;s:2:"31";i:11;s:2:"68";}	248
3189	a:10:{i:0;s:1:"7";i:1;s:2:"30";i:2;s:2:"13";i:3;s:1:"9";i:4;s:2:"35";i:5;s:2:"28";i:6;s:2:"26";i:7;s:1:"5";i:8;s:2:"10";i:9;s:2:"31";}	470
3204	a:7:{i:0;s:1:"7";i:1;s:2:"32";i:2;s:2:"13";i:3;s:2:"28";i:4;s:2:"26";i:5;s:1:"5";i:6;s:2:"16";}	740
3369	a:7:{i:0;s:1:"7";i:1;s:3:"145";i:2;s:1:"9";i:3;s:1:"5";i:4;s:2:"10";i:5;s:2:"31";i:6;s:2:"68";}	300
3536	a:23:{i:0;s:1:"7";i:1;s:2:"25";i:2;s:1:"2";i:3;s:2:"21";i:4;s:2:"30";i:5;s:2:"23";i:6;s:2:"32";i:7;s:2:"24";i:8;s:2:"37";i:9;s:2:"27";i:10;s:1:"8";i:11;s:2:"26";i:12;s:1:"5";i:13;s:2:"10";i:14;s:2:"59";i:15;s:2:"58";i:16;s:2:"34";i:17;s:1:"4";i:18;s:2:"31";i:19;s:1:"6";i:20;s:2:"29";i:21;s:2:"50";i:22;s:2:"68";}	310
4261	a:21:{i:0;s:1:"7";i:1;s:1:"2";i:2;s:2:"21";i:3;s:2:"32";i:4;s:2:"24";i:5;s:2:"13";i:6;s:1:"9";i:7;s:3:"103";i:8;s:1:"8";i:9;s:2:"35";i:10;s:2:"99";i:11;s:2:"28";i:12;s:2:"53";i:13;s:1:"5";i:14;s:2:"10";i:15;s:2:"59";i:16;s:2:"40";i:17;s:2:"34";i:18;s:2:"46";i:19;s:2:"31";i:20;s:2:"29";}	194
4420	a:9:{i:0;s:2:"21";i:1;s:2:"24";i:2;s:2:"37";i:3;s:2:"13";i:4;s:1:"9";i:5;s:2:"27";i:6;s:1:"8";i:7;s:3:"152";i:8;s:1:"4";}	180
4976	a:10:{i:0;s:2:"25";i:1;s:2:"21";i:2;s:2:"30";i:3;s:2:"24";i:4;s:2:"13";i:5;s:1:"9";i:6;s:2:"36";i:7;s:2:"70";i:8;s:1:"5";i:9;s:2:"10";}	305
5159	a:24:{i:0;s:1:"7";i:1;s:1:"2";i:2;s:2:"21";i:3;s:3:"161";i:4;s:2:"30";i:5;s:2:"23";i:6;s:2:"24";i:7;s:2:"13";i:8;s:1:"9";i:9;s:2:"27";i:10;s:1:"8";i:11;s:2:"33";i:12;s:2:"35";i:13;s:2:"70";i:14;s:2:"64";i:15;s:1:"5";i:16;s:2:"10";i:17;s:2:"16";i:18;s:2:"58";i:19;s:2:"34";i:20;s:1:"4";i:21;s:2:"46";i:22;s:1:"6";i:23;s:2:"68";}	1250
5213	a:19:{i:0;s:1:"7";i:1;s:2:"73";i:2;s:1:"2";i:3;s:2:"21";i:4;s:2:"30";i:5;s:2:"24";i:6;s:2:"13";i:7;s:2:"27";i:8;s:2:"33";i:9;s:2:"36";i:10;s:2:"28";i:11;s:2:"26";i:12;s:2:"77";i:13;s:2:"10";i:14;s:2:"40";i:15;s:2:"58";i:16;s:2:"34";i:17;s:2:"46";i:18;s:1:"6";}	98
5436	a:21:{i:0;s:2:"73";i:1;s:1:"2";i:2;s:2:"32";i:3;s:2:"98";i:4;s:2:"24";i:5;s:2:"37";i:6;s:2:"13";i:7;s:1:"9";i:8;s:2:"27";i:9;s:3:"170";i:10;s:3:"168";i:11;s:2:"77";i:12;s:2:"53";i:13;s:1:"5";i:14;s:3:"146";i:15;s:2:"10";i:16;s:2:"16";i:17;s:2:"40";i:18;s:3:"169";i:19;s:1:"6";i:20;s:2:"29";}	460
5673	a:17:{i:0;s:1:"7";i:1;s:2:"21";i:2;s:3:"161";i:3;s:2:"32";i:4;s:2:"24";i:5;s:2:"13";i:6;s:1:"9";i:7;s:2:"27";i:8;s:1:"8";i:9;s:2:"33";i:10;s:2:"26";i:11;s:2:"64";i:12;s:1:"5";i:13;s:2:"58";i:14;s:2:"34";i:15;s:1:"4";i:16;s:2:"46";}	31
5696	a:31:{i:0;s:1:"7";i:1;s:2:"73";i:2;s:2:"25";i:3;s:1:"2";i:4;s:2:"21";i:5;s:3:"145";i:6;s:3:"161";i:7;s:2:"30";i:8;s:2:"23";i:9;s:2:"32";i:10;s:2:"24";i:11;s:2:"37";i:12;s:2:"13";i:13;s:1:"9";i:14;s:2:"27";i:15;s:3:"170";i:16;s:1:"8";i:17;s:2:"70";i:18;s:2:"26";i:19;s:2:"77";i:20;s:2:"64";i:21;s:1:"5";i:22;s:2:"10";i:23;s:2:"59";i:24;s:2:"16";i:25;s:2:"40";i:26;s:2:"34";i:27;s:1:"4";i:28;s:2:"46";i:29;s:2:"29";i:30;s:2:"68";}	840
5892	a:17:{i:0;s:2:"73";i:1;s:2:"66";i:2;s:1:"2";i:3;s:2:"21";i:4;s:3:"121";i:5;s:2:"30";i:6;s:2:"24";i:7;s:2:"13";i:8;s:1:"9";i:9;s:3:"171";i:10;s:3:"781";i:11;s:2:"26";i:12;s:2:"77";i:13;s:2:"64";i:14;s:2:"41";i:15;s:2:"34";i:16;s:1:"6";}	98
6057	a:14:{i:0;s:2:"25";i:1;s:2:"21";i:2;s:2:"30";i:3;s:2:"24";i:4;s:1:"9";i:5;s:2:"27";i:6;s:1:"8";i:7;s:2:"33";i:8;s:2:"26";i:9;s:1:"5";i:10;s:2:"10";i:11;s:2:"58";i:12;s:2:"34";i:13;s:2:"46";}	300
6219	a:61:{i:0;s:1:"7";i:1;s:3:"725";i:2;s:2:"73";i:3;s:3:"136";i:4;s:2:"25";i:5;s:1:"2";i:6;s:2:"21";i:7;s:3:"121";i:8;s:3:"145";i:9;s:3:"161";i:10;s:3:"743";i:11;s:3:"765";i:12;s:3:"714";i:13;s:2:"92";i:14;s:2:"30";i:15;s:2:"23";i:16;s:3:"165";i:17;s:2:"32";i:18;s:2:"55";i:19;s:2:"24";i:20;s:2:"37";i:21;s:2:"13";i:22;s:1:"9";i:23;s:2:"27";i:24;s:3:"870";i:25;s:2:"56";i:26;s:3:"170";i:27;s:2:"60";i:28;s:1:"8";i:29;s:2:"33";i:30;s:2:"35";i:31;s:2:"36";i:32;s:2:"99";i:33;s:2:"69";i:34;s:3:"741";i:35;s:3:"781";i:36;s:3:"749";i:37;s:2:"28";i:38;s:3:"164";i:39;s:2:"70";i:40;s:2:"26";i:41;s:2:"77";i:42;s:2:"53";i:43;s:3:"152";i:44;s:2:"64";i:45;s:1:"5";i:46;s:3:"146";i:47;s:3:"135";i:48;s:2:"59";i:49;s:2:"16";i:50;s:2:"40";i:51;s:2:"58";i:52;s:2:"34";i:53;s:1:"4";i:54;s:2:"46";i:55;s:2:"31";i:56;s:1:"6";i:57;s:3:"174";i:58;s:2:"29";i:59;s:2:"50";i:60;s:2:"68";}	25
6345	a:25:{i:0;s:2:"73";i:1;s:1:"2";i:2;s:2:"21";i:3;s:3:"145";i:4;s:3:"161";i:5;s:2:"30";i:6;s:2:"23";i:7;s:2:"32";i:8;s:2:"24";i:9;s:2:"13";i:10;s:1:"9";i:11;s:2:"27";i:12;s:3:"170";i:13;s:1:"8";i:14;s:2:"33";i:15;s:2:"26";i:16;s:2:"64";i:17;s:1:"5";i:18;s:2:"10";i:19;s:2:"16";i:20;s:2:"58";i:21;s:2:"34";i:22;s:1:"4";i:23;s:1:"6";i:24;s:2:"68";}	1600
6618	a:28:{i:0;s:3:"725";i:1;s:3:"136";i:2;s:1:"2";i:3;s:3:"165";i:4;s:2:"32";i:5;s:2:"24";i:6;s:1:"9";i:7;s:3:"170";i:8;s:1:"8";i:9;s:3:"752";i:10;s:3:"173";i:11;s:2:"36";i:12;s:3:"737";i:13;s:3:"168";i:14;s:3:"749";i:15;s:2:"26";i:16;s:3:"751";i:17;s:3:"152";i:18;s:3:"146";i:19;s:3:"728";i:20;s:2:"58";i:21;s:3:"757";i:22;s:3:"169";i:23;s:2:"46";i:24;s:2:"31";i:25;s:1:"6";i:26;s:2:"29";i:27;s:2:"68";}	80
6668	a:19:{i:0;s:3:"725";i:1;s:2:"73";i:2;s:2:"21";i:3;s:3:"745";i:4;s:2:"30";i:5;s:2:"24";i:6;s:3:"173";i:7;s:3:"719";i:8;s:2:"99";i:9;s:3:"509";i:10;s:3:"741";i:11;s:3:"749";i:12;s:3:"751";i:13;s:3:"152";i:14;s:1:"5";i:15;s:2:"10";i:16;s:2:"59";i:17;s:3:"169";i:18;s:2:"29";}	375
6707	a:10:{i:0;s:2:"25";i:1;s:2:"21";i:2;s:3:"714";i:3;s:2:"24";i:4;s:1:"9";i:5;s:2:"33";i:6;s:3:"741";i:7;s:1:"5";i:8;s:2:"10";i:9;s:2:"46";}	250
6759	a:21:{i:0;s:3:"725";i:1;s:2:"25";i:2;s:3:"745";i:3;s:3:"765";i:4;s:3:"714";i:5;s:2:"98";i:6;s:2:"24";i:7;s:2:"37";i:8;s:1:"9";i:9;s:3:"155";i:10;s:2:"33";i:11;s:3:"173";i:12;s:3:"749";i:13;s:3:"762";i:14;s:2:"26";i:15;s:2:"77";i:16;s:3:"156";i:17;s:3:"760";i:18;s:2:"34";i:19;s:2:"31";i:20;s:2:"29";}	190
6877	a:19:{i:0;s:3:"725";i:1;s:2:"73";i:2;s:2:"21";i:3;s:3:"745";i:4;s:3:"742";i:5;s:1:"9";i:6;s:2:"27";i:7;s:3:"509";i:8;s:3:"768";i:9;s:3:"741";i:10;s:3:"781";i:11;s:3:"749";i:12;s:3:"762";i:13;s:3:"751";i:14;s:3:"760";i:15;s:2:"58";i:16;s:3:"169";i:17;s:2:"29";i:18;s:2:"68";}	255
6955	a:20:{i:0;s:2:"73";i:1;s:1:"2";i:2;s:2:"21";i:3;s:2:"30";i:4;s:2:"32";i:5;s:2:"24";i:6;s:1:"9";i:7;s:1:"8";i:8;s:2:"33";i:9;s:2:"35";i:10;s:2:"28";i:11;s:2:"26";i:12;s:1:"5";i:13;s:2:"10";i:14;s:2:"16";i:15;s:2:"58";i:16;s:1:"4";i:17;s:2:"31";i:18;s:2:"29";i:19;s:2:"68";}	760
7279	a:22:{i:0;s:3:"725";i:1;s:3:"754";i:2;s:2:"73";i:3;s:2:"21";i:4;s:3:"145";i:5;s:3:"745";i:6;s:2:"32";i:7;s:2:"13";i:8;s:2:"27";i:9;s:3:"726";i:10;s:3:"170";i:11;s:2:"35";i:12;s:3:"762";i:13;s:2:"77";i:14;s:3:"751";i:15;s:3:"152";i:16;s:2:"64";i:17;s:1:"5";i:18;s:2:"10";i:19;s:3:"135";i:20;s:2:"34";i:21;s:2:"46";}	812
7382	a:15:{i:0;s:3:"725";i:1;s:2:"73";i:2;s:3:"745";i:3;s:1:"9";i:4;s:2:"27";i:5;s:3:"726";i:6;s:2:"33";i:7;s:3:"779";i:8;s:1:"5";i:9;s:2:"10";i:10;s:2:"41";i:11;s:3:"760";i:12;s:3:"782";i:13;s:2:"29";i:14;s:2:"68";}	180
7617	a:29:{i:0;s:3:"725";i:1;s:3:"754";i:2;s:2:"73";i:3;s:1:"2";i:4;s:2:"21";i:5;s:2:"30";i:6;s:2:"32";i:7;s:2:"55";i:8;s:2:"37";i:9;s:2:"13";i:10;s:1:"9";i:11;s:2:"27";i:12;s:2:"35";i:13;s:3:"768";i:14;s:3:"741";i:15;s:2:"28";i:16;s:3:"762";i:17;s:2:"26";i:18;s:2:"77";i:19;s:3:"751";i:20;s:1:"5";i:21;s:3:"146";i:22;s:2:"10";i:23;s:2:"59";i:24;s:3:"760";i:25;s:2:"40";i:26;s:3:"782";i:27;s:2:"58";i:28;s:3:"788";}	250
7696	a:18:{i:0;s:2:"73";i:1;s:1:"2";i:2;s:3:"745";i:3;s:2:"30";i:4;s:2:"23";i:5;s:2:"32";i:6;s:2:"13";i:7;s:1:"9";i:8;s:2:"27";i:9;s:3:"726";i:10;s:3:"170";i:11;s:2:"35";i:12;s:3:"741";i:13;s:2:"28";i:14;s:3:"762";i:15;s:2:"77";i:16;s:1:"5";i:17;s:2:"34";}	1270
7766	a:12:{i:0;s:3:"787";i:1;s:3:"754";i:2;s:3:"145";i:3;s:3:"779";i:4;s:3:"751";i:5;s:3:"792";i:6;s:2:"10";i:7;s:3:"782";i:8;s:3:"796";i:9;s:3:"798";i:10;s:1:"4";i:11;s:2:"68";}	280
8070	a:18:{i:0;s:3:"787";i:1;s:2:"73";i:2;s:1:"2";i:3;s:3:"801";i:4;s:2:"37";i:5;s:2:"13";i:6;s:1:"9";i:7;s:2:"27";i:8;s:3:"726";i:9;s:3:"779";i:10;s:3:"762";i:11;s:3:"751";i:12;s:3:"156";i:13;s:1:"5";i:14;s:3:"792";i:15;s:3:"782";i:16;s:3:"798";i:17;s:3:"802";}	265
8215	a:13:{i:0;s:1:"7";i:1;s:2:"73";i:2;s:2:"21";i:3;s:3:"714";i:4;s:1:"9";i:5;s:2:"33";i:6;s:2:"35";i:7;s:3:"741";i:8;s:3:"146";i:9;s:2:"10";i:10;s:3:"135";i:11;s:2:"40";i:12;s:2:"34";}	1520
8424	a:13:{i:0;s:2:"73";i:1;s:1:"2";i:2;s:2:"21";i:3;s:3:"745";i:4;s:2:"23";i:5;s:2:"24";i:6;s:2:"13";i:7;s:2:"27";i:8;s:3:"170";i:9;s:1:"8";i:10;s:3:"741";i:11;s:1:"5";i:12;s:1:"6";}	2050
8494	a:21:{i:0;s:3:"787";i:1;s:3:"725";i:2;s:3:"714";i:3;s:2:"30";i:4;s:2:"55";i:5;s:2:"33";i:6;s:2:"35";i:7;s:3:"509";i:8;s:3:"768";i:9;s:3:"751";i:10;s:3:"799";i:11;s:2:"64";i:12;s:3:"156";i:13;s:3:"792";i:14;s:2:"10";i:15;s:2:"41";i:16;s:3:"782";i:17;s:3:"798";i:18;s:2:"34";i:19;s:1:"4";i:20;s:3:"802";}	368
8776	a:17:{i:0;s:3:"725";i:1;s:2:"73";i:2;s:1:"2";i:3;s:2:"21";i:4;s:2:"30";i:5;s:2:"24";i:6;s:2:"13";i:7;s:1:"9";i:8;s:1:"8";i:9;s:2:"33";i:10;s:3:"741";i:11;s:2:"77";i:12;s:1:"5";i:13;s:2:"10";i:14;s:2:"34";i:15;s:2:"29";i:16;s:2:"68";}	15
8804	a:30:{i:0;s:3:"754";i:1;s:2:"73";i:2;s:1:"2";i:3;s:2:"21";i:4;s:3:"745";i:5;s:3:"813";i:6;s:3:"819";i:7;s:2:"55";i:8;s:2:"13";i:9;s:1:"9";i:10;s:1:"8";i:11;s:3:"173";i:12;s:2:"35";i:13;s:3:"779";i:14;s:3:"509";i:15;s:3:"741";i:16;s:2:"77";i:17;s:3:"799";i:18;s:2:"53";i:19;s:3:"156";i:20;s:1:"5";i:21;s:3:"792";i:22;s:2:"10";i:23;s:2:"16";i:24;s:3:"782";i:25;s:3:"798";i:26;s:3:"802";i:27;s:3:"174";i:28;s:2:"29";i:29;s:2:"68";}	272
8848	a:22:{i:0;s:3:"725";i:1;s:3:"754";i:2;s:2:"73";i:3;s:2:"21";i:4;s:3:"745";i:5;s:3:"714";i:6;s:2:"30";i:7;s:2:"32";i:8;s:2:"24";i:9;s:2:"13";i:10;s:1:"9";i:11;s:2:"33";i:12;s:3:"509";i:13;s:3:"741";i:14;s:3:"762";i:15;s:2:"64";i:16;s:3:"792";i:17;s:2:"10";i:18;s:3:"135";i:19;s:2:"34";i:20;s:2:"29";i:21;s:2:"68";}	1500
8993	a:20:{i:0;s:2:"73";i:1;s:2:"21";i:2;s:3:"745";i:3;s:2:"32";i:4;s:2:"24";i:5;s:2:"37";i:6;s:1:"9";i:7;s:2:"27";i:8;s:3:"170";i:9;s:1:"8";i:10;s:2:"33";i:11;s:3:"752";i:12;s:3:"741";i:13;s:2:"26";i:14;s:2:"77";i:15;s:3:"799";i:16;s:1:"5";i:17;s:3:"792";i:18;s:3:"146";i:19;s:2:"29";}	92
9022	a:9:{i:0;s:2:"73";i:1;s:3:"745";i:2;s:2:"24";i:3;s:3:"170";i:4;s:3:"741";i:5;s:2:"26";i:6;s:3:"799";i:7;s:1:"5";i:8;s:2:"29";}	120
9050	a:17:{i:0;s:1:"2";i:1;s:2:"21";i:2;s:3:"745";i:3;s:2:"23";i:4;s:2:"24";i:5;s:2:"13";i:6;s:1:"9";i:7;s:2:"27";i:8;s:3:"170";i:9;s:1:"8";i:10;s:2:"35";i:11;s:3:"741";i:12;s:2:"28";i:13;s:2:"26";i:14;s:1:"5";i:15;s:2:"16";i:16;s:2:"68";}	1070
9097	a:17:{i:0;s:3:"725";i:1;s:2:"73";i:2;s:2:"21";i:3;s:3:"745";i:4;s:2:"30";i:5;s:2:"24";i:6;s:2:"13";i:7;s:1:"9";i:8;s:3:"870";i:9;s:3:"509";i:10;s:3:"741";i:11;s:3:"799";i:12;s:2:"10";i:13;s:2:"58";i:14;s:2:"34";i:15;s:3:"847";i:16;s:2:"29";}	186
9215	a:20:{i:0;s:2:"73";i:1;s:1:"2";i:2;s:2:"21";i:3;s:3:"745";i:4;s:2:"30";i:5;s:2:"24";i:6;s:2:"13";i:7;s:1:"9";i:8;s:2:"27";i:9;s:3:"170";i:10;s:2:"33";i:11;s:3:"741";i:12;s:2:"26";i:13;s:2:"77";i:14;s:1:"5";i:15;s:2:"10";i:16;s:2:"58";i:17;s:2:"34";i:18;s:1:"6";i:19;s:2:"29";}	300
9411	a:18:{i:0;s:3:"725";i:1;s:2:"73";i:2;s:3:"804";i:3;s:3:"803";i:4;s:1:"2";i:5;s:2:"21";i:6;s:3:"743";i:7;s:3:"714";i:8;s:2:"55";i:9;s:2:"24";i:10;s:1:"9";i:11;s:2:"33";i:12;s:3:"713";i:13;s:3:"509";i:14;s:2:"69";i:15;s:3:"741";i:16;s:2:"10";i:17;s:3:"782";}	153
9458	a:20:{i:0;s:3:"725";i:1;s:2:"73";i:2;s:2:"66";i:3;s:2:"21";i:4;s:2:"30";i:5;s:2:"55";i:6;s:2:"37";i:7;s:1:"9";i:8;s:3:"726";i:9;s:2:"33";i:10;s:3:"762";i:11;s:3:"799";i:12;s:3:"156";i:13;s:3:"792";i:14;s:2:"10";i:15;s:3:"796";i:16;s:2:"34";i:17;s:3:"802";i:18;s:2:"29";i:19;s:2:"68";}	1100
9864	a:51:{i:0;s:3:"871";i:1;s:3:"725";i:2;s:3:"854";i:3;s:3:"754";i:4;s:3:"864";i:5;s:3:"887";i:6;s:3:"888";i:7;s:3:"885";i:8;s:1:"2";i:9;s:2:"21";i:10;s:3:"866";i:11;s:3:"873";i:12;s:3:"745";i:13;s:3:"879";i:14;s:3:"714";i:15;s:2:"23";i:16;s:2:"24";i:17;s:1:"9";i:18;s:3:"870";i:19;s:3:"886";i:20;s:3:"874";i:21;s:3:"884";i:22;s:3:"878";i:23;s:1:"8";i:24;s:3:"752";i:25;s:3:"509";i:26;s:3:"877";i:27;s:3:"872";i:28;s:3:"741";i:29;s:3:"781";i:30;s:3:"875";i:31;s:3:"749";i:32;s:3:"869";i:33;s:3:"799";i:34;s:3:"880";i:35;s:3:"152";i:36;s:3:"156";i:37;s:2:"10";i:38;s:3:"135";i:39;s:3:"849";i:40;s:3:"760";i:41;s:3:"897";i:42;s:3:"836";i:43;s:3:"782";i:44;s:3:"876";i:45;s:3:"867";i:46;s:3:"883";i:47;s:2:"34";i:48;s:3:"826";i:49;s:1:"6";i:50;s:2:"29";}	747
10459	a:20:{i:0;s:3:"854";i:1;s:3:"804";i:2;s:3:"889";i:3;s:2:"55";i:4;s:2:"98";i:5;s:2:"27";i:6;s:3:"874";i:7;s:1:"8";i:8;s:2:"33";i:9;s:3:"799";i:10;s:3:"156";i:11;s:1:"5";i:12;s:3:"792";i:13;s:3:"782";i:14;s:3:"796";i:15;s:3:"876";i:16;s:3:"867";i:17;s:3:"802";i:18;s:2:"29";i:19;s:2:"68";}	290
10498	a:37:{i:0;s:3:"871";i:1;s:3:"803";i:2;s:3:"136";i:3;s:1:"2";i:4;s:3:"121";i:5;s:3:"165";i:6;s:2:"55";i:7;s:2:"37";i:8;s:2:"44";i:9;s:3:"870";i:10;s:3:"906";i:11;s:3:"840";i:12;s:3:"874";i:13;s:3:"875";i:14;s:3:"749";i:15;s:3:"881";i:16;s:3:"762";i:17;s:3:"869";i:18;s:3:"900";i:19;s:3:"880";i:20;s:1:"5";i:21;s:3:"792";i:22;s:3:"902";i:23;s:3:"146";i:24;s:3:"903";i:25;s:3:"893";i:26;s:2:"41";i:27;s:3:"897";i:28;s:3:"895";i:29;s:3:"796";i:30;s:3:"876";i:31;s:3:"867";i:32;s:2:"58";i:33;s:1:"6";i:34;s:3:"860";i:35;s:3:"797";i:36;s:2:"29";}	76
10580	a:24:{i:0;s:3:"725";i:1;s:3:"754";i:2;s:2:"73";i:3;s:2:"21";i:4;s:3:"745";i:5;s:3:"714";i:6;s:2:"30";i:7;s:2:"23";i:8;s:2:"24";i:9;s:2:"13";i:10;s:1:"9";i:11;s:3:"726";i:12;s:3:"170";i:13;s:2:"33";i:14;s:3:"509";i:15;s:3:"741";i:16;s:2:"28";i:17;s:2:"77";i:18;s:3:"799";i:19;s:3:"156";i:20;s:2:"10";i:21;s:3:"135";i:22;s:3:"849";i:23;s:2:"34";}	2565
11022	a:24:{i:0;s:3:"871";i:1;s:3:"754";i:2;s:2:"73";i:3;s:3:"804";i:4;s:2:"55";i:5;s:2:"24";i:6;s:1:"9";i:7;s:3:"726";i:8;s:2:"33";i:9;s:2:"35";i:10;s:3:"779";i:11;s:3:"509";i:12;s:3:"913";i:13;s:3:"881";i:14;s:3:"914";i:15;s:2:"26";i:16;s:3:"152";i:17;s:3:"156";i:18;s:2:"10";i:19;s:3:"135";i:20;s:3:"849";i:21;s:3:"796";i:22;s:3:"867";i:23;s:3:"826";}	480
11054	a:24:{i:0;s:1:"2";i:1;s:3:"873";i:2;s:3:"745";i:3;s:2:"55";i:4;s:2:"98";i:5;s:2:"13";i:6;s:2:"27";i:7;s:1:"8";i:8;s:3:"793";i:9;s:3:"869";i:10;s:3:"799";i:11;s:3:"880";i:12;s:1:"5";i:13;s:3:"792";i:14;s:3:"146";i:15;s:3:"760";i:16;s:3:"915";i:17;s:3:"780";i:18;s:3:"782";i:19;s:3:"867";i:20;s:3:"802";i:21;s:3:"904";i:22;s:1:"6";i:23;s:2:"29";}	1350
11150	a:20:{i:0;s:1:"2";i:1;s:3:"745";i:2;s:3:"714";i:3;s:2:"30";i:4;s:2:"23";i:5;s:2:"24";i:6;s:2:"13";i:7;s:2:"27";i:8;s:1:"8";i:9;s:2:"35";i:10;s:3:"741";i:11;s:2:"28";i:12;s:2:"26";i:13;s:2:"77";i:14;s:2:"64";i:15;s:1:"5";i:16;s:2:"16";i:17;s:2:"34";i:18;s:1:"6";i:19;s:2:"68";}	1350
11206	a:22:{i:0;s:3:"725";i:1;s:2:"73";i:2;s:2:"21";i:3;s:2:"98";i:4;s:1:"9";i:5;s:3:"874";i:6;s:3:"713";i:7;s:3:"779";i:8;s:3:"914";i:9;s:3:"869";i:10;s:3:"799";i:11;s:3:"156";i:12;s:1:"5";i:13;s:2:"10";i:14;s:3:"849";i:15;s:3:"898";i:16;s:3:"796";i:17;s:3:"876";i:18;s:3:"867";i:19;s:2:"58";i:20;s:3:"826";i:21;s:3:"802";}	120
11299	a:24:{i:0;s:2:"73";i:1;s:2:"24";i:2;s:2:"44";i:3;s:2:"13";i:4;s:3:"750";i:5;s:2:"27";i:6;s:2:"33";i:7;s:3:"713";i:8;s:3:"509";i:9;s:3:"735";i:10;s:2:"28";i:11;s:3:"869";i:12;s:3:"799";i:13;s:3:"880";i:14;s:3:"156";i:15;s:1:"5";i:16;s:3:"792";i:17;s:3:"747";i:18;s:3:"146";i:19;s:2:"10";i:20;s:3:"867";i:21;s:2:"58";i:22;s:2:"34";i:23;s:2:"29";}	9
11353	a:25:{i:0;s:3:"871";i:1;s:3:"857";i:2;s:3:"882";i:3;s:1:"2";i:4;s:3:"745";i:5;s:3:"933";i:6;s:2:"30";i:7;s:2:"24";i:8;s:2:"37";i:9;s:2:"13";i:10;s:2:"27";i:11;s:3:"793";i:12;s:2:"33";i:13;s:2:"35";i:14;s:3:"899";i:15;s:3:"741";i:16;s:3:"749";i:17;s:3:"869";i:18;s:2:"26";i:19;s:3:"156";i:20;s:1:"5";i:21;s:3:"932";i:22;s:3:"867";i:23;s:2:"34";i:24;s:2:"29";}	186
11580	a:11:{i:0;s:3:"882";i:1;s:1:"2";i:2;s:3:"745";i:3;s:3:"933";i:4;s:2:"24";i:5;s:3:"793";i:6;s:3:"741";i:7;s:3:"934";i:8;s:3:"782";i:9;s:1:"6";i:10;s:2:"68";}	422
11641	a:8:{i:0;s:1:"2";i:1;s:3:"745";i:2;s:2:"23";i:3;s:2:"55";i:4;s:2:"24";i:5;s:1:"8";i:6;s:3:"741";i:7;s:3:"799";}	1650
11817	a:13:{i:0;s:3:"863";i:1;s:3:"958";i:2;s:3:"783";i:3;s:2:"27";i:4;s:3:"870";i:5;s:1:"8";i:6;s:2:"33";i:7;s:2:"35";i:8;s:3:"719";i:9;s:2:"28";i:10;s:3:"961";i:11;s:2:"34";i:12;s:2:"29";}	170
11849	a:10:{i:0;s:2:"23";i:1;s:1:"8";i:2;s:3:"741";i:3;s:3:"799";i:4;s:1:"5";i:5;s:3:"782";i:6;s:3:"826";i:7;s:1:"6";i:8;s:2:"29";i:9;s:2:"68";}	1328
11883	a:12:{i:0;s:3:"854";i:1;s:3:"754";i:2;s:2:"24";i:3;s:2:"27";i:4;s:2:"35";i:5;s:3:"741";i:6;s:3:"799";i:7;s:1:"5";i:8;s:3:"932";i:9;s:3:"849";i:10;s:3:"934";i:11;s:2:"29";}	180
11936	a:8:{i:0;s:1:"2";i:1;s:2:"24";i:2;s:2:"27";i:3;s:1:"8";i:4;s:3:"741";i:5;s:3:"799";i:6;s:1:"5";i:7;s:2:"29";}	320
12001	a:10:{i:0;s:3:"863";i:1;s:1:"8";i:2;s:2:"33";i:3;s:3:"719";i:4;s:3:"152";i:5;s:1:"5";i:6;s:3:"932";i:7;s:3:"849";i:8;s:3:"782";i:9;s:2:"34";}	1200
12128	a:14:{i:0;s:3:"998";i:1;s:2:"55";i:2;s:2:"24";i:3;s:3:"945";i:4;s:1:"8";i:5;s:2:"35";i:6;s:3:"719";i:7;s:3:"741";i:8;s:3:"799";i:9;s:3:"146";i:10;s:3:"932";i:11;s:3:"826";i:12;s:1:"6";i:13;s:2:"29";}	195
12147	a:24:{i:0;s:3:"854";i:1;s:3:"999";i:2;s:1:"2";i:3;s:3:"998";i:4;s:3:"743";i:5;s:2:"30";i:6;s:4:"1000";i:7;s:2:"24";i:8;s:2:"27";i:9;s:1:"8";i:10;s:3:"793";i:11;s:2:"33";i:12;s:3:"752";i:13;s:3:"719";i:14;s:3:"741";i:15;s:2:"64";i:16;s:1:"5";i:17;s:3:"146";i:18;s:3:"977";i:19;s:3:"932";i:20;s:3:"961";i:21;s:3:"782";i:22;s:2:"29";i:23;s:2:"68";}	136
12208	a:9:{i:0;s:1:"2";i:1;s:2:"24";i:2;s:3:"719";i:3;s:3:"741";i:4;s:3:"799";i:5;s:2:"64";i:6;s:3:"932";i:7;s:3:"782";i:8;s:2:"29";}	1991
12247	a:7:{i:0;s:1:"2";i:1;s:4:"1000";i:2;s:2:"27";i:3;s:2:"35";i:4;s:3:"719";i:5;s:1:"5";i:6;s:2:"59";}	254
12281	a:18:{i:0;s:1:"2";i:1;s:2:"30";i:2;s:2:"23";i:3;s:2:"13";i:4;s:2:"27";i:5;s:2:"35";i:6;s:3:"719";i:7;s:3:"741";i:8;s:3:"799";i:9;s:2:"64";i:10;s:1:"5";i:11;s:3:"932";i:12;s:3:"782";i:13;s:2:"34";i:14;s:3:"826";i:15;s:1:"6";i:16;s:2:"29";i:17;s:2:"68";}	690
12333	a:20:{i:0;s:1:"2";i:1;s:4:"1000";i:2;s:2:"23";i:3;s:2:"55";i:4;s:2:"13";i:5;s:3:"906";i:6;s:3:"945";i:7;s:1:"8";i:8;s:2:"35";i:9;s:3:"719";i:10;s:3:"741";i:11;s:3:"799";i:12;s:3:"880";i:13;s:1:"5";i:14;s:3:"146";i:15;s:3:"961";i:16;s:3:"782";i:17;s:3:"978";i:18;s:1:"6";i:19;s:2:"29";}	700
12362	a:8:{i:0;s:1:"2";i:1;s:2:"13";i:2;s:2:"27";i:3;s:1:"8";i:4;s:2:"35";i:5;s:3:"719";i:6;s:2:"64";i:7;s:1:"5";}	1200
12417	a:7:{i:0;s:2:"23";i:1;s:2:"24";i:2;s:3:"719";i:3;s:3:"741";i:4;s:3:"799";i:5;s:3:"782";i:6;s:2:"29";}	1317
12476	a:14:{i:0;s:1:"2";i:1;s:2:"23";i:2;s:2:"24";i:3;s:2:"13";i:4;s:1:"8";i:5;s:2:"35";i:6;s:3:"719";i:7;s:3:"741";i:8;s:3:"799";i:9;s:1:"5";i:10;s:3:"782";i:11;s:2:"34";i:12;s:1:"6";i:13;s:2:"29";}	1200
12526	a:6:{i:0;s:2:"23";i:1;s:2:"24";i:2;s:2:"13";i:3;s:3:"741";i:4;s:3:"799";i:5;s:1:"6";}	1150
12586	a:5:{i:0;s:1:"8";i:1;s:3:"719";i:2;s:3:"741";i:3;s:3:"799";i:4;s:3:"782";}	1550
12769	a:8:{i:0;s:2:"23";i:1;s:2:"55";i:2;s:3:"719";i:3;s:1:"5";i:4;s:3:"932";i:5;s:3:"135";i:6;s:3:"782";i:7;s:2:"34";}	1200
